title,release_date,id,imdb_id
Deadpool & Wolverine,2024-07-24,533535,tt6263850
Inside Out 2,2024-06-11,1022789,tt22022452
Borderlands,2024-08-07,365177,tt4978420
Despicable Me 4,2024-06-20,519182,tt7510222
Trap,2024-07-31,1032823,tt26753003
Bad Boys: Ride or Die,2024-06-05,573435,tt4919268
Twisters,2024-07-10,718821,tt12584954
The Union,2024-08-15,704239,tt12610390
The Killer,2024-08-22,970347,tt1121948
Kill,2024-07-03,1160018,tt28259207
Alien: Romulus,2024-08-13,945961,tt18412256
It Ends with Us,2024-08-07,1079091,tt10655524
Darkness of Man,2024-05-07,1049574,tt23173980
Longlegs,2024-07-10,1226578,tt23468450
Jackpot!,2024-08-13,1094138,tt26940324
Saving Bikini Bottom: The Sandy Cheeks Movie,2024-08-01,831815,tt23063732
A Quiet Place: Day One,2024-06-26,762441,tt13433802
Prey,2024-03-15,1129598,tt27682129
The Garfield Movie,2024-04-30,748783,tt5779228
Kingdom of the Planet of the Apes,2024-05-08,653346,tt11389872
The Instigators,2024-08-02,1059064,tt24169886
Furiosa: A Mad Max Saga,2024-05-22,786892,tt12037194
Mayhem!,2023-06-28,959092,tt19319352
One Fast Move,2024-08-07,1281826,tt21096576
Godzilla x Kong: The New Empire,2024-03-27,823464,tt14539740
Civil War,2024-04-10,929590,tt17279496
Descendants: The Rise of Red,2024-07-11,974262,tt20202136
My Fault,2023-06-08,1010581,tt21909764
Pleasure,2021-10-08,592695,tt8550054
Kung Fu Panda 4,2024-03-02,1011985,tt21692408
Dune: Part Two,2024-02-27,693134,tt15239678
Justice League: Crisis on Infinite Earths Part Three,2024-07-15,1209290,tt30150917
The Ministry of Ungentlemanly Warfare,2024-04-18,799583,tt5177120
Oddity,2024-07-19,1216191,tt26470109
Something in the Water,2024-03-22,804616,tt22863968
Beautiful Wedding,2024-01-24,1096342,tt26546123
Migration,2023-12-06,940551,tt6495056
The Exorcism,2024-05-30,646683,tt11240348
The Deliverance,2024-08-16,930600,tt4196566
My Spy The Eternal City,2024-07-18,1048241,tt12930350
Kinds of Kindness,2024-05-30,1029955,tt22408160
Incoming,2024-08-22,1008953,tt21284218
Under Paris,2024-06-04,1001311,tt13964390
Sonic the Hedgehog 2,2022-03-30,675353,tt12412888
Spider-Man: No Way Home,2021-12-15,634649,tt10872600
MaXXXine,2024-07-04,1023922,tt22048412
The Fall Guy,2024-04-24,746036,tt1684562
Fly Me to the Moon,2024-07-10,956842,tt1896747
Transformers: Rise of the Beasts,2023-06-06,667538,tt5090568
Spider-Man: Across the Spider-Verse,2023-05-31,569094,tt9362722
The Watchers,2024-06-06,1086747,tt26736843
John Wick: Chapter 4,2023-03-22,603692,tt10366206
Beverly Hills Cop: Axel F,2024-06-20,280180,tt3083016
Fast X,2023-05-17,385687,tt5433140
The Super Mario Bros. Movie,2023-04-05,502356,tt6718170
Alice in Terrorland,2023-12-26,1174618,tt22398528
The Marvels,2023-11-08,609681,tt10676048
"Miraculous World: Paris, Tales of Shadybug and Claw Noir",2023-10-21,1147400,tt29259099
Late Night with the Devil,2024-03-19,938614,tt14966898
Alienoid,2022-07-20,601796,tt20168564
Land of Bad,2024-01-25,969492,tt19864802
The Roundup: No Way Out,2023-05-31,955555,tt21364552
IF,2024-05-08,639720,tt11152168
Puss in Boots: The Last Wish,2022-12-07,315162,tt3915174
Tarot,2024-05-01,719221,tt14088510
Atlas,2024-05-23,614933,tt14856980
Road House,2024-03-08,359410,tt3359350
Trigger Warning,2024-06-20,704673,tt5834874
The Strangers: Chapter 1,2024-05-15,1010600,tt22050754
Evil Does Not Exist,2023-12-06,1156125,tt28490044
Godzilla Minus One,2023-11-03,940721,tt23289160
Oppenheimer,2023-07-19,872585,tt15398776
No Way Up,2024-01-18,1096197,tt16253418
Wonka,2023-12-06,787699,tt6166392
MR-9: Do or Die,2023-08-25,1016346,tt9044418
Monkey Man,2024-04-03,560016,tt9214772
365 Days: This Day,2022-04-27,829557,tt12996154
Rebel Moon - Part Two: The Scargiver,2024-04-19,934632,tt23137904
Madame Web,2024-02-14,634492,tt11057302
The Beekeeper,2024-01-08,866398,tt15314262
Horizon: An American Saga – Chapter 1,2024-06-26,932086,tt17505010
Damsel,2024-03-07,763215,tt13452446
Blink Twice,2024-08-21,840705,tt14858658
Wish,2023-11-13,1022796,tt11304740
The Crow,2024-08-21,957452,tt1340094
The Flash,2023-06-13,298618,tt0439572
The Idea of You,2024-05-02,843527,tt9466114
Top Gun: Maverick,2022-05-21,361743,tt1745960
Barbie,2023-07-19,346698,tt1517268
Megamind vs. the Doom Syndicate,2024-03-29,1239251,tt31122323
Kleks Academy,2024-01-05,1026999,tt20857676
Avatar: The Way of Water,2022-12-14,76600,tt1630029
Anyone But You,2023-12-21,1072790,tt26047818
Teenage Mutant Ninja Turtles: Mutant Mayhem,2023-07-31,614930,tt8589698
Guardians of the Galaxy Vol. 3,2023-05-03,447365,tt6791350
SPY x FAMILY CODE: White,2023-12-22,1062807,tt26684398
Elemental,2023-06-14,976573,tt15789038
The Family Plan,2023-12-14,1029575,tt16431870
Immaculate,2024-03-20,1041613,tt23137390
The Batman,2022-03-01,414906,tt1877830
Trolls Band Together,2023-10-12,901362,tt14362112
Poor Things,2023-12-07,792307,tt14230458
Dune,2021-09-15,438631,tt1160419
The Wages of Fear,2024-03-28,984324,tt27487473
The Boy and the Heron,2023-07-14,508883,tt6587046
The First Omen,2024-04-03,437342,tt5672290
The Equalizer 3,2023-08-30,926393,tt17024450
Ultraman: Rising,2024-06-14,829402,tt9471678
Hit Man,2024-05-16,974635,tt20215968
The Little Mermaid,2023-05-18,447277,tt5971474
Thelma the Unicorn,2024-05-17,739547,tt10442352
Napoleon,2023-11-22,753342,tt13287846
Mission: Impossible - Dead Reckoning Part One,2023-07-08,575264,tt9603212
Doctor Strange in the Multiverse of Madness,2022-05-04,453395,tt9419884
In a Violent Nature,2024-05-31,1214509,tt30321146
Meg 2: The Trench,2023-08-02,615656,tt9224104
Aquaman and the Lost Kingdom,2023-12-20,572802,tt9663764
Five Nights at Freddy's,2023-10-25,507089,tt4589218
Ape vs Mecha Ape,2023-03-24,1094844,tt26785742
Dead Sea,2024-07-26,1308757,tt11724920
Baki Hanma VS Kengan Ashura,2024-06-05,1263421,tt31869664
The Three Musketeers: Milady,2023-12-13,845111,tt12672620
Jurassic World Dominion,2022-06-01,507086,tt8041270
Black Panther: Wakanda Forever,2022-11-09,505642,tt9114286
Ghostbusters: Frozen Empire,2024-03-20,967847,tt21235248
Exhuma,2024-02-22,838209,tt27802490
Boy Kills World,2024-04-24,882059,tt13923084
PAW Patrol: The Mighty Movie,2023-09-21,893723,tt15837338
Abigail,2024-04-16,1111873,tt27489557
Venom: Let There Be Carnage,2021-09-30,580489,tt7097896
Rebel Moon - Part One: A Child of Fire,2023-12-15,848326,tt14998742
Justice League: Crisis on Infinite Earths Part One,2024-01-08,1155089,tt29195117
Killers of the Flower Moon,2023-10-18,466420,tt5537002
Thor: Love and Thunder,2022-07-06,616037,tt10648342
Encanto,2021-10-13,568124,tt2953050
The Tearsmith,2024-04-03,1127166,tt29114029
Expend4bles,2023-09-15,299054,tt3291150
Creation of the Gods I: Kingdom of Storms,2023-07-15,856289,tt6979756
Prey,2022-08-02,766507,tt11866324
The Nun II,2023-09-06,968051,tt10160976
Mean Girls,2024-01-10,673593,tt11762114
Alienoid: The Return to the Future,2024-01-10,626412,tt20201212
Hotel Transylvania: Transformania,2022-01-31,585083,tt9848626
20th Century Girl,2022-10-06,851644,tt15340724
The Suicide Squad,2021-07-28,436969,tt6334354
The Next 365 Days,2022-08-19,829560,tt21106646
Love Lies Bleeding,2024-03-08,948549,tt19637052
Turning Red,2022-03-10,508947,tt8097030
Shang-Chi and the Legend of the Ten Rings,2021-09-01,566525,tt9376612
Resident Evil: Welcome to Raccoon City,2021-11-24,460458,tt6920084
The Witch: Part 2. The Other One,2022-06-15,615173,tt13721828
Freelance,2023-10-05,897087,tt15744298
Minions: The Rise of Gru,2022-06-29,438148,tt5113044
Monster's Battlefield,2021-12-27,920342,
The Hunger Games: The Ballad of Songbirds & Snakes,2023-11-15,695721,tt10545296
Challengers,2024-04-18,937287,tt16426418
Black Adam,2022-10-19,436270,tt6443346
Woody Woodpecker Goes to Camp,2024-04-12,1239146,tt20221690
Zack Snyder's Justice League,2021-03-18,791373,tt12361974
The Bikeriders,2024-06-19,1008409,tt21454134
Talk to Me,2023-07-26,1008042,tt10638522
"Miraculous: Ladybug & Cat Noir, The Movie",2023-07-05,496450,tt10364034
Wrath of Man,2021-04-22,637649,tt11083552
Evil Dead Rise,2023-04-12,713704,tt13345606
A Quiet Place Part II,2021-05-21,520763,tt8332922
Sing 2,2021-12-01,438695,tt6467266
After Everything,2023-09-13,820525,tt15334488
Luca,2021-06-17,508943,tt12801262
Lift,2024-01-10,955916,tt14371878
The Count of Monte-Cristo,2024-06-28,1084736,tt26446278
Justice League: Crisis on Infinite Earths Part Two,2024-04-22,1209288,tt30150907
The Tomorrow War,2021-09-03,588228,tt9777666
Orion and the Dark,2024-02-01,1139829,tt28066777
The Creator,2023-09-27,670292,tt11858890
Scream VI,2023-03-08,934433,tt17663992
Fighter,2024-01-24,784651,tt13818368
Badland Hunters,2024-01-25,933131,tt29722855
Bionic,2024-05-28,1025463,tt16427902
Sting,2024-04-12,1087388,tt20112746
I Saw the TV Glow,2024-05-03,858017,tt15574270
Titane,2021-07-14,630240,tt10944760
Black Lotus,2023-04-12,996154,tt15895490
Indiana Jones and the Dial of Destiny,2023-06-25,335977,tt1462764
Argylle,2024-01-31,848538,tt15009428
Young Woman and the Sea,2024-05-31,774531,tt5177114
Winnie-the-Pooh: Blood and Honey 2,2024-03-26,1079485,tt23330554
Terrifier 2,2022-10-06,663712,tt10403420
Dungeons & Dragons: Honor Among Thieves,2023-03-23,493529,tt2906216
Shazam! Fury of the Gods,2023-03-15,594767,tt10151854
The Childe,2023-06-21,1057001,tt27534328
Blue Beetle,2023-08-16,565770,tt9362930
The OctoGames,2022-10-07,1028703,tt18559720
Miller's Girl,2024-01-18,1026436,tt8310486
Guy Ritchie's The Covenant,2023-04-19,882569,tt4873118
Mavka: The Forest Song,2023-03-02,459003,tt6685538
Jujutsu Kaisen 0,2021-12-24,810693,tt14331144
Code 8 Part II,2024-02-27,932420,tt14764464
Gran Turismo,2023-08-09,980489,tt4495098
The Zone of Interest,2023-12-15,467244,tt7160372
The Bricklayer,2023-12-14,927107,tt2016303
Free Guy,2021-08-11,550988,tt6264654
Godzilla vs. Kong,2021-03-24,399566,tt5034838
Leo,2023-11-17,1075794,tt5755238
Luck,2022-08-05,585511,tt7214954
Creed III,2023-03-01,677179,tt11145118
Through My Window 3: Looking at You,2024-02-23,1139566,tt28105944
Cruella,2021-05-26,337404,tt3228774
Uncharted,2022-02-10,335787,tt1464335
Girl in the Basement,2021-02-27,801335,tt13269536
Arthur the King,2024-03-15,618588,tt10720352
Noryang: Deadly Sea,2023-12-20,660360,tt22813112
One Piece Film Red,2022-08-06,900667,tt16183464
Fall,2022-08-11,985939,tt15325794
Everything Everywhere All at Once,2022-03-24,545611,tt6710474
The King's Man,2021-12-22,476669,tt6856242
Scream,2022-01-12,646385,tt11245972
Ghosted,2023-04-18,868759,tt15326988
Raya and the Last Dragon,2021-03-03,527774,tt5109280
Through My Window,2022-02-04,818647,tt14463484
Upgraded,2024-02-07,1014590,tt21830902
"Ruby Gillman, Teenage Kraken",2023-06-28,1040148,tt27155038
Damaged,2024-04-12,1105407,tt27304026
Am I OK?,2024-06-11,641934,tt11225626
After Ever Happy,2022-08-24,744276,tt13070038
Wrong Turn,2021-01-26,630586,tt9110170
Carl's Date,2023-06-15,1076364,tt26736061
No Time to Die,2021-09-29,370172,tt2382320
Nowhere,2023-09-29,1151534,tt15789472
Ghostbusters: Afterlife,2021-11-18,425909,tt4513678
Ant-Man and the Wasp: Quantumania,2023-02-15,640146,tt10954600
Sound of Freedom,2023-07-03,678512,tt7599146
The Conjuring: The Devil Made Me Do It,2021-05-25,423108,tt7069210
Retribution,2023-08-23,762430,tt6906292
Imaginary,2024-03-06,1125311,tt26658104
Death Whisperer,2023-10-25,1134433,tt29609422
Space Jam: A New Legacy,2021-07-08,379686,tt3554046
The Marksman,2021-01-15,634528,tt6902332
Project Wolf Hunting,2022-09-21,799379,tt15575470
The Pope's Exorcist,2023-04-05,758323,tt13375076
Sixty Minutes,2024-01-19,1212073,tt29538571
Baghead,2023-12-28,845783,tt14030816
Attack,2022-04-01,799155,tt7529298
No Hard Feelings,2023-06-15,884605,tt15671028
Robot Dreams,2023-12-06,838240,tt13429870
The Last Voyage of the Demeter,2023-08-09,635910,tt1001520
Sisu,2022-09-09,840326,tt14846026
"Red, White & Royal Blue",2023-07-27,930094,tt10172266
Mothers' Instinct,2024-01-11,758679,tt13397574
One Week Friends,2022-06-18,945675,tt17506728
The Thundermans Return,2024-03-07,1094556,tt26943420
Chicken Run: Dawn of the Nugget,2023-12-08,520758,tt8337264
Black Widow,2021-01-01,497698,tt3480822
Muzzle,2023-09-29,939335,tt17663876
The Exorcism of God,2022-03-11,836225,tt10362566
After We Fell,2021-09-01,744275,tt13069986
All Quiet on the Western Front,2022-10-07,49046,tt1016150
Eternals,2021-11-03,524434,tt9032400
Bullet Train,2022-08-03,718930,tt12593682
Smile,2022-09-23,882598,tt15474916
Bob Marley: One Love,2024-02-14,802219,tt8521778
The Boss Baby: Family Business,2021-07-01,459151,tt6932874
Mother of the Bride,2024-05-08,1093231,tt26926267
Fantastic Beasts: The Secrets of Dumbledore,2022-04-06,338953,tt4123432
Silent Night,2023-11-30,891699,tt15799866
RRR,2022-03-24,579974,tt8178634
Jawan,2023-09-07,872906,tt15354916
Cocorico,2024-02-07,973912,tt19381382
A Family Affair,2024-06-27,987686,tt21051906
Leave the World Behind,2023-11-22,726209,tt12747748
Perfect Days,2023-11-10,976893,tt27503384
PAW Patrol: The Movie,2021-08-09,675445,tt11832046
The Matrix Resurrections,2021-12-16,624860,tt10838180
Knights of the Zodiac,2023-04-27,455476,tt6528290
Sayen: The Huntress,2024-04-26,850888,tt32063728
Society of the Snow,2023-12-15,906126,tt16277242
X,2022-03-17,760104,tt13560574
Saw X,2023-09-27,951491,tt21807222
A Little Something Extra,2024-04-18,1152014,tt30795948
City Hunter,2024-04-24,1061990,tt24478470
The Holdovers,2023-10-27,840430,tt14849194
Monster,2023-06-02,1050035,tt23736044
Insidious: The Red Door,2023-07-05,614479,tt13405778
The Ice Age Adventures of Buck Wild,2022-01-28,774825,tt13634480
Dogman,2023-09-27,944401,tt17009348
When Evil Lurks,2023-10-05,744857,tt16300962
Redeeming Love,2022-01-21,698508,tt11365186
Black Clover: Sword of the Wizard King,2023-06-16,812225,tt22868844
Deep Fear,2023-10-18,899445,tt14865406
Last Summer,2023-09-13,812037,tt14550346
Sleeping Dogs,2024-03-21,978592,tt8542964
Extraction 2,2023-06-09,697843,tt12263384
The Courier,2024-01-19,1148713,tt27050277
The Exorcist: Believer,2023-10-04,807172,tt12921446
Through My Window: Across the Sea,2023-06-23,988078,tt21245882
South Park: The End of Obesity,2024-05-24,1290938,tt32375562
Suzume,2022-11-11,916224,tt16428256
Resident Evil: Death Island,2023-06-22,1083862,tt26674627
Hidden Strike,2023-07-06,457332,tt6879446
Deep Water,2022-03-18,619979,tt2180339
Role Play,2023-12-14,848187,tt12964320
Air Force One Down,2024-02-09,1124127,tt27708700
Anatomy of a Fall,2023-08-23,915935,tt17009710
Moonfall,2022-02-03,406759,tt5834426
Hocus Pocus 2,2022-09-30,642885,tt11909878
The Iron Claw,2023-12-21,850165,tt21064584
Babylon,2022-12-22,615777,tt10640346
65,2023-03-02,700391,tt12261776
Thanksgiving,2023-11-16,1071215,tt1448754
That Time I Got Reincarnated as a Slime the Movie: Scarlet Bond,2022-11-25,876792,tt15467380
The First Slam Dunk,2022-12-03,783675,tt15242330
Beautiful Disaster,2023-04-04,1016121,tt2316548
The Painter,2024-01-05,1211957,tt30253266
Infinite,2021-09-09,581726,tt6654210
Wifelike,2022-08-12,1001835,tt15978956
Tom & Jerry,2021-02-10,587807,tt1361336
The Monkey King: Reborn,2021-04-02,811634,tt14391088
Arcadian,2024-04-12,1051896,tt22939186
Colors of Evil: Red,2024-05-29,1115395,tt27578157
Kandahar,2023-05-25,717930,tt5761544
One Life,2023-12-21,760774,tt13097932
Night Swim,2024-01-03,1072342,tt9682428
Decision to Leave,2022-06-29,705996,tt12477480
May December,2023-11-16,839369,tt13651794
Strays,2023-08-17,912908,tt15153532
The Roundup,2022-05-18,619803,tt15838850
CODA,2021-08-13,776503,tt10366460
The Black Phone,2022-06-22,756999,tt7144666
Teen Wolf: The Movie,2023-01-18,877703,tt15486810
Hard Hit,2021-06-23,654739,tt14980972
Glass Onion: A Knives Out Mystery,2022-11-12,661374,tt11564570
Operation Fortune: Ruse de Guerre,2023-01-04,739405,tt7985704
Dead for a Dollar,2022-09-30,843380,tt14895206
Harry Potter 20th Anniversary: Return to Hogwarts,2022-01-01,899082,tt16116174
No One Will Save You,2023-09-22,820609,tt14509110
A Man Called Otto,2022-12-28,937278,tt7405458
Space Cadet,2024-07-04,1019411,tt21469794
Sniper: The White Raven,2022-05-03,966220,tt19465630
Army of the Dead,2021-05-14,503736,tt0993840
Spiral: From the Book of Saw,2021-05-12,602734,tt10342730
Family Switch,2023-11-30,798021,tt14227048
Infested,2023-12-27,1063879,tt26744289
Art of Love,2024-03-13,1248795,tt28355490
Lights Out,2024-02-16,931642,tt16368898
Animal,2023-12-01,781732,tt13751694
Pearl,2022-09-16,949423,tt18925334
Ricky Stanicky,2024-02-21,1022690,tt1660648
The Forever Purge,2021-06-30,602223,tt10327252
Memory,2022-04-28,818397,tt11827628
Past Lives,2023-06-02,666277,tt13238346
The Voyeurs,2021-08-25,645710,tt11235772
Plane,2023-01-12,646389,tt5884796
The Palace,2023-09-28,824016,tt14549270
Acid,2023-09-20,852445,tt17569526
Morbius,2022-03-30,526896,tt5108870
Snake Eyes: G.I. Joe Origins,2021-07-22,568620,tt8404256
The Outfit,2022-02-25,799876,tt14114802
Mortal Kombat,2021-04-07,460465,tt0293429
"The Pig, the Snake and the Pigeon",2023-10-06,1046090,tt29319990
Don't Breathe 2,2021-08-12,482373,tt6246322
The School for Good and Evil,2022-10-19,779782,tt2935622
Those Who Wish Me Dead,2021-05-05,578701,tt3215824
Halloween Ends,2022-10-12,616820,tt10665342
Aftersun,2022-10-21,965150,tt19770238
Saltburn,2023-11-16,930564,tt17351924
Red Notice,2021-11-04,512195,tt7991608
The Wandering Earth II,2023-01-22,842675,tt13539646
4 Horsemen: Apocalypse,2022-04-29,969686,tt19766560
The Bad Guys,2022-03-17,629542,tt8115900
Violent Night,2022-11-30,899112,tt12003946
F9,2021-05-19,385128,tt5433138
Heart of Stone,2023-08-09,724209,tt13603966
Eileen,2023-12-01,664341,tt5198890
The Lost City,2022-03-24,752623,tt13320622
Beast,2022-08-11,760741,tt13223398
Wish Dragon,2021-01-15,550205,tt5562070
Cocaine Bear,2023-02-22,804150,tt14209916
Nobody,2021-03-18,615457,tt7888964
Dragon Ball Super: Super Hero,2022-06-11,610150,tt14614892
In the Land of Saints and Sinners,2023-10-06,1027073,tt15782690
Don't Look Up,2021-12-08,646380,tt11286314
Jeepers Creepers: Reborn,2022-09-15,717728,tt14121726
The Accursed,2021-11-12,860867,tt5737388
Die Hart,2023-02-22,1077280,tt27116016
Vanished into the Night,2024-07-10,1039868,tt14034294
M3GAN,2022-12-28,536554,tt8760708
Red Right Hand,2024-02-22,1227816,tt19244260
Concrete Utopia,2023-08-09,729854,tt13086266
Guillermo del Toro's Pinocchio,2022-11-09,555604,tt1488589
Cheaper by the Dozen,2022-03-18,691683,tt6705162
The Whale,2022-12-09,785084,tt13833688
The Killer,2023-10-25,800158,tt1136617
TAYLOR SWIFT | THE ERAS TOUR,2023-10-13,1160164,tt28814949
Roald Dahl's Matilda the Musical,2022-11-25,668482,tt3447590
Jungle Cruise,2021-07-28,451048,tt0870154
57 Seconds,2023-09-29,937249,tt18083578
The Sea Beast,2022-06-24,560057,tt9288046
The Sadness,2021-01-22,776797,tt13872248
Pet Sematary: Bloodlines,2023-09-23,830764,tt14145436
All the Names of God,2023-09-15,1053592,tt20420538
Spaceman,2024-02-23,636706,tt11097384
Army of Thieves,2021-10-29,796499,tt13024674
R.I.P.D. 2: Rise of the Damned,2022-11-15,1013860,tt21094994
Cobweb,2023-07-19,709631,tt9100018
3 Days Max,2023-10-25,967582,tt27712015
Dream Scenario,2023-11-10,823482,tt21942866
Texas Chainsaw Massacre,2022-02-18,632727,tt11755740
The Unholy,2021-03-31,632357,tt9419056
Disenchanted,2022-11-18,338958,tt1596342
Good Boy,2022-06-03,983507,tt19705884
Death on the Nile,2022-02-09,505026,tt7657566
The Menu,2022-11-17,593643,tt9764362
Hachiko,2023-03-31,1107387,tt23789884
The Fallout,2021-03-17,795514,tt11847410
The Seven Deadly Sins: Grudge of Edinburgh Part 2,2023-08-08,1064835,tt25010142
Prey for the Devil,2022-10-23,676547,tt9271672
The Mitchells vs. the Machines,2021-04-22,501929,tt7979580
Love at First Sight,2023-09-15,353577,tt2183014
One More Shot,2024-01-09,1214314,tt27110516
The Adam Project,2022-03-11,696806,tt2463208
Ordinary Angels,2024-02-22,974036,tt4996328
Ballerina,2023-10-05,961268,tt26350277
Elvis,2022-06-22,614934,tt3704428
Nope,2022-07-20,762504,tt10954984
Fast Charlie,2023-12-08,945937,tt6722400
Megaboa,2021-11-26,920081,tt16444610
Priscilla,2023-10-27,1020006,tt22041854
My Hero Academia: World Heroes' Mission,2021-08-06,768744,tt13544716
A Haunting in Venice,2023-09-13,945729,tt22687790
The Contractor,2022-03-10,628900,tt10323676
Dumb Money,2023-09-15,792293,tt13957560
The Addams Family 2,2021-10-01,639721,tt11125620
The Killer,2022-07-13,938008,tt19713090
The Last Kingdom: Seven Kings Must Die,2023-04-14,948713,tt15767808
The Other Zoey,2023-10-19,912916,tt11951276
The Woman King,2022-09-16,724495,tt8093700
La Leyenda de los Chaneques,2023-07-14,1150394,tt28283972
Purple Hearts,2022-07-29,762975,tt4614584
Tetris,2023-03-15,726759,tt12758060
Irish Wish,2024-03-14,1019420,tt21957774
Jeanne du Barry,2023-05-16,921452,tt17277414
The Animal Kingdom,2023-10-04,943134,tt16606592
There's Still Tomorrow,2023-10-26,1026227,tt21800162
How to Have Sex,2023-11-02,1075175,tt22890246
Unfrosted,2024-04-30,844185,tt14914430
Burning Betrayal,2023-10-25,1173558,tt26787296
Project 'Gemini',2022-01-06,575322,tt5656994
Force of Nature: The Dry 2,2024-02-08,832262,tt20256448
Murder Mystery 2,2023-03-28,638974,tt15255288
Merry Little Batman,2023-12-08,870358,tt15352516
Back to Black,2024-04-11,998846,tt21261712
Inheritance,2024-06-19,1279433,tt32245043
The Gray Man,2022-07-13,725201,tt1649418
Peter Rabbit 2: The Runaway,2021-03-25,522478,tt8376234
Flamin' Hot,2023-03-11,626332,tt8105234
Shotgun Wedding,2022-12-28,758009,tt9686790
Dog,2022-02-17,626735,tt11252248
Wicked Little Letters,2024-02-23,975773,tt20234774
Nimona,2023-06-23,961323,tt19500164
Haunted Mansion,2023-07-26,616747,tt1695843
Don't Worry Darling,2022-09-21,619730,tt10731256
"Tad, the Lost Explorer and the Emerald Tablet",2022-08-24,676701,tt14941698
Samaritan,2022-08-25,629176,tt5500218
Earwig and the Witch,2021-02-03,683127,tt12441478
Radical,2023-10-19,1058694,tt14570440
The Northman,2022-04-07,639933,tt11138512
Hypnotic,2023-05-11,536437,tt8080204
Werewolf by Night,2022-09-25,894205,tt15318872
The Flood,2023-07-14,1006462,tt15670222
Stopmotion,2024-02-22,840889,tt14852624
The Burial,2023-10-06,763165,tt5648882
House of Gucci,2021-11-24,644495,tt11214590
Rurouni Kenshin: The Final,2021-04-23,602063,tt11809034
Drive-Away Dolls,2024-02-22,957304,tt19356262
Lightyear,2022-06-15,718789,tt10298810
Perfect Addiction,2023-02-16,845659,tt12965390
The Wrath of Becky,2023-05-26,986070,tt20916568
Ferrari,2023-12-14,365620,tt3758542
Warhorse One,2023-06-30,1076487,tt16527824
First Love,2022-06-17,834742,tt14726510
Watcher,2022-06-03,807356,tt12004038
Blade of the 47 Ronin,2022-10-25,732459,tt12610794
Mummies,2023-01-05,816904,tt23177868
Where the Crawdads Sing,2022-07-14,682507,tt9411972
The Three Musketeers: D'Artagnan,2023-04-05,796185,tt12672536
Secret Headquarters,2022-08-12,791155,tt14001894
Mortal Kombat Legends: Battle of the Realms,2021-08-30,841755,tt14901058
Winnie the Pooh: Blood and Honey,2023-01-26,980078,tt19623240
Mira,2022-12-22,864101,tt15296186
Halloween Kills,2021-10-14,610253,tt10665338
Blacklight,2022-02-10,823625,tt14060094
Missing,2023-01-19,768362,tt10855768
Upon the Magic Roads,2021-02-18,576784,tt11390180
I.S.S.,2024-01-19,790462,tt13655120
Evangelion: 3.0+1.0 Thrice Upon a Time,2021-03-08,283566,tt2458948
On the Wandering Paths,2023-03-22,888082,tt15441522
Blame the Game,2024-07-03,1172648,tt28301898
Knock at the Cabin,2023-02-01,631842,tt15679400
Barbarian,2022-09-08,913290,tt15791034
Ambulance,2022-03-16,763285,tt4998632
Peter Pan & Wendy,2023-04-20,420808,tt5635026
Chernobyl: Abyss,2021-04-15,589761,tt10648714
Clifford the Big Red Dog,2021-11-10,585245,tt2397461
K.G.F: Chapter 2,2022-04-14,587412,tt10698680
The Kissing Booth 3,2021-08-11,727745,tt12783454
All of Us Strangers,2023-12-22,994108,tt21192142
The Banshees of Inisherin,2022-10-20,674324,tt11813216
Ron's Gone Wrong,2021-10-14,482321,tt7504818
Finestkind,2023-09-08,507532,tt7991508
Space Sweepers,2021-02-05,581389,tt12838766
The Monkey King,2023-08-11,832502,tt8637498
DC League of Super-Pets,2022-07-27,539681,tt8912936
Seoul Vibe,2022-08-26,773867,tt13611770
Rurouni Kenshin: The Beginning,2021-06-04,672322,tt11991748
Belle,2021-07-16,776305,tt13651628
"The Boy, the Mole, the Fox and the Horse",2022-12-25,995133,tt22667880
Triangle of Sadness,2022-09-18,497828,tt7322224
The Black Demon,2023-04-26,890771,tt10279472
The Abyss,2023-09-15,1053544,tt22016156
Knox Goes Away,2024-03-15,972614,tt20115766
The Guardians of the Galaxy Holiday Special,2022-11-24,774752,tt13623136
Lisa Frankenstein,2024-02-07,993784,tt21188080
The Mother,2023-05-04,552688,tt6968614
Old,2021-07-21,631843,tt10954652
Kingdom: Ashin of the North,2021-07-23,845222,tt13412252
Warriors of Future,2022-08-05,518896,tt7375466
The Hill,2023-08-18,862557,tt8051894
Big George Foreman,2023-04-27,878361,tt12226632
Amsterdam,2022-09-27,664469,tt10304142
Io Capitano,2023-09-07,937746,tt14225838
The Bad Guys: A Very Bad Holiday,2023-11-29,1046032,tt28863512
Sleep,2023-09-06,964592,tt8209702
Asteroid City,2023-06-08,747188,tt14230388
Last Seen Alive,2022-05-12,961484,tt10242388
The Misfits,2021-06-03,581644,tt4876134
Enola Holmes 2,2022-11-30,829280,tt14641788
Pinocchio,2022-09-07,532639,tt4593060
Shark Bait,2022-05-13,960258,tt12550376
Mortal Kombat Legends: Cage Match,2023-10-17,1034062,tt22698070
How to Date Billy Walsh,2024-04-04,1017633,tt16156616
The Ritual Killer,2023-03-09,862552,tt13141250
Hustle,2022-06-03,705861,tt8009428
Malignant,2021-09-01,619778,tt3811906
Joy Ride,2023-06-22,864168,tt15268244
Dampyr,2022-10-28,644124,tt10315050
The Last Duel,2021-10-13,617653,tt4244994
Bottoms,2023-08-25,814776,tt17527468
Midnight,2021-06-30,628704,tt14757872
Cinderella,2021-09-03,593910,tt10155932
All Fun and Games,2023-08-30,926599,tt10092698
Jolt,2021-07-15,617502,tt10228134
Escape Room: Tournament of Champions,2021-07-01,585216,tt9844522
The Out-Laws,2023-07-07,921636,tt11274492
The Requin,2022-01-28,803114,tt11348232
"Good Luck to You, Leo Grande",2022-06-16,758330,tt13352968
Monsters 103 Mercies Dragon Damnation,2024-01-21,1230393,tt30475122
Mr. Monk's Last Case: A Monk Movie,2023-12-08,1100795,tt27145269
"Lyle, Lyle, Crocodile",2022-10-07,830784,tt14668630
Fresh,2022-03-03,787752,tt13403046
Miraculous World: Shanghai – The Legend of Ladydragon,2021-05-15,726684,tt12816634
Justice League: Warworld,2023-07-25,1003581,tt27687527
Sword Art Online the Movie – Progressive – Scherzo of Deep Night,2022-10-22,893712,tt15830702
Flora and Son,2023-09-21,1059811,tt25471950
The Tragedy of Macbeth,2021-12-05,591538,tt10095582
Doors,2021-03-23,798141,tt12483708
The Collective,2023-08-04,1060090,tt23556408
Spy Kids: Armageddon,2023-09-22,790493,tt13978520
The 355,2022-01-05,522016,tt8356942
Once Upon a Studio,2023-09-24,1139087,tt28035641
Boudica,2023-10-26,975902,tt22688572
Sister Death,2023-10-05,955531,tt19175696
Patriots Time,2022-04-28,965571,tt19878422
Renfield,2023-04-07,649609,tt11358390
Soulcatcher,2023-08-02,1149381,tt28290233
War of the Worlds: The Attack,2023-04-21,1103825,tt12519802
The Vault,2021-03-04,630004,tt9742794
Speak No Evil,2022-03-17,833339,tt14253846
The French Dispatch,2021-10-21,542178,tt8847712
Day Shift,2022-08-12,755566,tt13314558
Pushpa: The Rise,2021-12-16,690957,tt9389998
Foe,2023-10-06,760245,tt8258502
Simulant,2023-03-29,942199,tt13130024
Lady Chatterley's Lover,2022-11-22,814338,tt14369780
Tom Clancy's Without Remorse,2021-04-29,567189,tt0499097
To Catch a Killer,2023-04-06,605886,tt10275534
Overhaul,2023-09-27,818511,tt16427938
Close,2022-11-01,901563,tt9660502
Accident Man: Hitman's Holiday,2022-10-14,879444,tt9669176
Finch,2021-11-04,522402,tt3420504
Turtles All the Way Down,2024-04-27,574451,tt7737224
Disquiet,2023-02-10,1072074,tt25869142
Incantation,2022-03-18,864370,tt18968540
Magic Mike's Last Dance,2023-02-09,906221,tt16280138
Sword Art Online the Movie – Progressive – Aria of a Starless Night,2021-10-30,761898,tt13424422
Encanto at the Hollywood Bowl,2022-12-28,1041513,tt22695080
Beau Is Afraid,2023-04-14,798286,tt13521006
The Fabelmans,2022-11-11,804095,tt14208870
Copshop,2021-09-09,738652,tt5748448
Blood Red Sky,2021-07-23,760883,tt6402468
I Am: Celine Dion,2024-06-18,879805,tt28620587
Lamborghini: The Man Behind the Legend,2022-11-17,457232,tt5533370
